local date,local time,location,lat,lon,aqi,h,p,pm10,pm25,so2,t,w,wg,co,no2,o3,dew,r
2020-03-22,23:00:00,"88, Via Duca d'Aosta, Sant'Andrea / Štandrež, Gorizia, UTI Collio - Alto Isonzo, Friuli Venezia Giulia, 34170, Italia",45.93701316,13.61633301,34,23.5,1026.8,8.0,34.0,1.3,8.6,4.0,11.0,,,,,
2020-03-22,23:00:00,"Impianto Hera Ambiente, Via Enrico Fermi, Bagnolo, Forlì, Unione di Comuni della Romagna Forlivese, Forlì-Cesena, Emilia-Romagna, 47100, Italia",44.229397,12.08916,50,42.0,1027.4,20.0,50.0,,6.9,0.5,11.0,0.1,5.5,29.3,,
2020-03-21,23:00:00,"Al Camino, Via Borgo Vico, Bignanico, Vico, Como, Lombardia, 22100, Italia",45.81504217,9.06697886,59,50.0,1013.2,22.0,59.0,0.6,4.4,5.0,9.0,0.1,14.2,47.6,,
2020-03-22,23:00:00,"Scuola Primaria Giosuè Carducci, Viale Ugo Bassi, Campo di Marte, Quartiere 2, Firenze, Toscana, 50137, Italia",43.784169388287,11.286879604208,53,29.6,1019.7,16.0,53.0,0.8,8.8,,,0.1,8.3,,-8.0,
2020-03-23,17:00:00,"SP163, Sant'Agata Irpina, Solofra, Avellino, Campania, 83025, Italia",40.83555,14.82459,6,1.0,1016.4,26.0,59.0,0.8,0.5,,,6.4,1.1,,,
2020-03-23,16:00:00,"Via del Carmine, Fratte, Brignano Inferiore, Salerno, Campania, 84126, Italia",40.68389,14.76972,55,1.0,1016.4,11.0,55.0,,0.5,,,0.2,2.7,,,
2020-03-21,23:00:00,"Cantavenna, Gabiano, Alessandria, Piemonte, Italia",45.159718,8.2261891,80,42.0,1023.4,,80.0,,6.8,0.2,,0.1,,,,
2020-03-21,23:00:00,"SP460, Borgiallo, Ceresole Reale, Torino, Piemonte, Italia",45.4321772,7.2343067,38,,,,38,,0,4,,,,,,
2020-03-21,23:00:00,"22/A, Piazza Conti di Rebaudengo, Rebaudengo, Torino, Piemonte, 10155, Italia",45.104332,7.6964231,70,61.2,1022.7,,70.0,,6.9,4.7,15.2,0.1,,,,
2020-03-21,23:00:00,,44.283857,12.332249,39,71.0,1018.0,30.0,102.0,5.1,12.0,6.1,,0.1,3.7,39.0,7.0,
2020-03-22,23:00:00,"Via Verdi, San Pasquale, Cassino, Frosinone, Lazio, Italia",41.4907889,13.8333776,107,24.0,1026.6,40.0,107.0,0.3,15.0,14.0,21.0,0.1,5.5,19.1,,
2020-03-21,23:00:00,"Passeggiata Michele Alboreto, Villaggio Artigiano, San Faustino-Madonnina-Quattroville, Modena, Emilia-Romagna, 41124, Italia",44.651569,10.907312,61,85.2,1014.6,26.0,61.0,,9.0,5.2,9.0,,14.2,39.0,,
2020-03-21,23:00:00,"22a, Viale Stradone, Borgo Durbecco, Modigliana, Faenza, Unione della Romagna Faentina, Ravenna, Emilia-Romagna, 48018, Italia",44.285612,11.873396,76,61.6,1016.9,30.0,76.0,,12.9,2.6,4.3,,6.0,38.6,,
2020-03-22,23:00:00,"iperoil, Via Cipro, Balduina, Quartiere XIV Trionfale, Roma, Roma Capitale, Lazio, 00165, Italia",41.9071831,12.4466876,76,31.5,1015.0,30.0,76.0,0.3,12.5,10.0,21.1,0.1,6.9,25.6,,
2020-03-21,23:00:00,"Piccoli, Via Paribelli, Sondrio, Comunità Montana della Valtellina di Sondrio, Sondrio, Lombardia, 23100, Italia",46.16785664,9.87921169,50,53.0,1024.7,13.0,50.0,,8.3,4.0,12.0,,6.0,41.1,,
2020-03-21,23:00:00,"Carana, Corte Brugnatella, Piacenza, Emilia-Romagna, Italia",44.734728,9.366928,45,96.5,1014.6,8.0,85.0,,3.8,2.2,4.7,0.1,6.9,44.7,,
2020-03-22,23:00:00,"Ghiaroni, Molinella, Bologna, Emilia-Romagna, 40062, Italia",44.654232025,11.624819756,46,35.7,1029.0,16.0,46.0,,4.3,1.5,,0.1,3.7,32.1,-9.6,
2020-03-23,17:00:00,"Scuola Media Statale Francesco Solimena, Via Francesco Nola, Casale del Pozzo, Nocera Inferiore, Salerno, Campania, 84014, Italia",40.7404,14.64345,3,58.5,1017.6,37.0,63.0,2.9,3.3,15.0,26.5,1.9,2.6,,,
2020-03-21,23:00:00,"Via Antonio Meucci, Loreto, Bergamo, Lombardia, 24128, Italia",45.691044,9.64366225,74,50.6,1027.7,25.0,74.0,,4.4,0.2,,0.1,9.2,45.5,,
2020-03-22,23:00:00,"25/11, Via del Ponticello, Sottoservola, Servola-Chiarbola-Valmaura-Borgo San Sergio, Trieste / Trst, UTI Giuliana / Julijska MTU, Friuli Venezia Giulia, 34146, Italia",45.62062,13.783761,30,14.0,1027.0,9.0,30.0,1.1,8.3,12.0,16.0,,,,,
2020-03-21,23:00:00,"21, Via Quartiere Don Reverberi, Castellarano, Tresinaro - Secchia, Reggio nell'Emilia, Emilia-Romagna, 42014, Italia",44.516242,10.733905,70,85.2,1014.6,23.0,70.0,,9.0,5.2,9.0,,13.8,43.1,,
2020-03-21,23:00:00,"Strada Provinciale 64 Prealpina Orobica, Cassina Valsassina, Lecco, Lombardia, 23817, Italia",45.91279097,9.49754261,55,69.8,1025.1,20.0,55.0,,0.1,2.0,5.1,,4.6,49.6,,
2020-03-22,23:00:00,"Farmacia, 5, Piazza Benedetto Cairoli, Rione VII Regola, Municipio Roma I, Roma, Roma Capitale, Lazio, 00186, Italia",41.8932669,12.4753855,53,31.5,1015.0,35.0,53.0,,12.5,10.0,21.1,,8.3,23.2,,
2020-03-22,23:00:00,"Via Guglielmo Marconi, Sant'Agata, Ferentino, Frosinone, Lazio, 03013, Italia",41.6956788,13.2577285,109,44.1,1006.4,41.0,109.0,0.6,10.5,1.0,5.5,0.1,3.2,29.7,,
2020-03-21,23:00:00,"7, Via Pietro Giordani, Baia del Re, Piacenza, Emilia-Romagna, 29121, Italia",45.04884,9.693265,17,83.0,1013.1,17.0,78.0,,9.4,,,0.1,14.7,36.2,,
2020-03-22,23:00:00,"Giardino Centro Studi, Piazza Maestri del Lavoro, San Giorgio, Rorai Grande, Pordenone, UTI del Noncello, Friuli Venezia Giulia, 33170, Italia",45.962624,12.655944,42,34.5,1029.5,10.0,42.0,,6.5,1.5,5.2,,,,,
2020-03-23,17:00:00,"Via della Salute, Portici, Napoli, Campania, 80055, Italia",40.81588,14.34927,31,45.0,1019.0,23.0,67.0,,7.0,6.6,10.8,,2.5,30.8,-4.0,
2020-03-21,23:00:00,"30/D, Corso Corsica, Lingotto, Torino, Piemonte, 10134, Italia",45.0314278,7.6517438,76,61.2,1022.7,,76.0,,6.9,4.7,15.2,,,,,
2020-03-21,23:00:00,"Via Stefano Molli, Santa Croce di Borgomanero, Borgomanero, Novara, Piemonte, 28013, Italia",45.6989656,8.4606044,61,62.6,1025.0,,61.0,,4.7,1.3,7.1,0.1,,,,
2020-03-21,23:00:00,"Via Libertà, Cornale e Bastida, Pavia, Lombardia, Italia",45.04008561,8.91415717,74,3.0,,,74.0,,10.7,10.7,13.2,0.1,7.8,41.5,,
2020-03-22,23:00:00,"Isidoro e Maria - Pizzeria Friggitoria, Viale Roma, La Pietrara, Le Muratelle, Guidonia Montecelio, Roma Capitale, Lazio, 00010, Italia",41.9939694,12.7245045,78,33.0,1014.6,28.0,78.0,0.4,11.6,,,,6.4,24.8,,
2020-03-21,23:00:00,"Scuola Secondaria di Primo Grado Don G. Ticozzi, 48, Via Mentana, Rancio Inferiore, San Giovanni, Lecco, Lombardia, 23900, Italia",45.86375372,9.39995481,61,69.8,1025.1,20.0,61.0,,0.1,2.0,5.1,,10.1,43.9,,
2020-03-22,23:00:00,"Via Raffaello Gambogi, Ardenza, Montenero basso, Livorno, Toscana, 57128, Italia",43.517506738783,10.321031260215,53,23.0,1023.0,16.0,53.0,,11.0,9.7,15.4,0.1,8.3,28.9,-9.0,
2020-03-21,23:00:00,"Via Canale, Cento, Unione Alto Ferrarese, Ferrara, Emilia-Romagna, 44042, Italia",44.733011,11.299659,42,66.2,1016.7,29.0,93.0,,11.1,10.9,2.0,0.1,13.8,41.5,,
2020-03-22,23:00:00,"Via Giovanni Pascoli, Montelonti, Poggibonsi, Siena, Toscana, 53036, Italia",43.470437486833,11.141284549758,57,59.0,1019.0,17.0,57.0,,4.4,3.0,3.0,,6.0,,,
2020-03-23,17:00:00,"Stadio Ciro Vigorito, Rotonda degli Atleti, Trappeto, Libertà, Benevento, Campania, 82100, Italia",41.11575,14.77998,34,51.3,1020.3,32.0,55.0,,5.9,10.0,21.7,,1.4,34.2,,
2020-03-21,23:00:00,"Ufficio elettorale, Via Elvio Copelli, Motta, Casbeno, Varese, Lombardia, 21100, Italia",45.8169745,8.82024911,76,50.0,1030.9,21.0,76.0,,3.3,7.0,11.0,0.1,22.9,,,
2020-03-21,23:00:00,"Via Malpasso, Caselle, Schivenoglia, Unione dei comuni Isola Mantovana, Mantova, Lombardia, Italia",45.01688067,11.07609728,93,33.0,1027.6,41.0,93.0,2.6,8.8,10.0,20.0,0.1,9.2,49.2,,
2020-03-21,23:00:00,"Bersano, Besenzone, Piacenza, Emilia-Romagna, 43011, Italia",44.9895,10.019201,55,61.5,1016.3,16.0,55.0,5.1,11.6,9.1,15.5,0.1,6.4,38.2,,
2020-03-22,23:00:00,"5, Via Giuseppe Saragat, Vedole, Colorno, Emilia-Romagna, 43052, Italia",44.925963,10.371914,55,87.0,1008.7,11.0,55.0,5.1,7.7,,0.1,,3.7,26.4,,
2020-03-21,23:00:00,"Punta Ravenna, Ravenna, Emilia-Romagna, 48122, Italia",44.443746,12.253247,82,77.3,1019.8,33.0,82.0,5.1,10.9,14.3,18.3,0.1,12.8,29.7,,
2020-03-23,17:00:00,"Via Filippo Brunelleschi, Caserta, Casolla, Caserta, Campania, 81100, Italia",41.08444,14.34472,38,43.6,1012.1,14.0,38.0,,7.4,4.6,,,2.0,36.0,-4.2,
2020-03-21,23:00:00,"Parcheggio caserma I. Vian, Via Vecchia di Borgo San Dalmazzo, Cuneo, Piemonte, 12100, Italia",44.3703176,7.5251893,70,61.3,1018.2,,70.0,,5.5,1.0,3.6,0.1,,,,
2020-03-23,16:00:00,"Vico I Gagliardi, Municipalità 3, Napoli, Campania, 80137, Italia",40.85419,14.25133,58,56.2,1019.2,21.0,58.0,,5.7,6.0,,2.8,4.1,,,
2020-03-21,23:00:00,"Bretella Treviglio-Casirate, Casirate d'Adda, Bergamo, Lombardia, 24047, Italia",45.49822794,9.55624181,82,46.0,1028.5,30.0,82.0,,5.0,2.0,,,10.6,45.5,-5.5,
2020-03-21,23:00:00,"Villa Sandi, Via Sandi, Zona Industriale 2, Casa Engandina, Fiorano Modenese, Unione dei comuni del Distretto Ceramico, Modena, Emilia-Romagna, 41042, Italia",44.542152405,10.819877625,23,85.2,1014.6,23.0,68.0,,9.0,5.2,9.0,,13.3,31.7,,
2020-03-21,23:00:00,"via C. Battisti, Spinadesco, Cremona, Lombardia, 26028, Italia",45.15047339,9.93059842,89,34.2,1026.0,30.0,89.0,,7.0,2.7,9.0,,13.3,44.3,,
2020-03-21,23:00:00,"Via Padre Sergio Mossoni, Darfo Boario Terme, Comunità montana della valle Camonica, Brescia, Lombardia, 25041, Italia",45.87460256,10.17736553,72,55.3,1026.7,22.0,72.0,,5.0,5.0,9.8,,7.4,48.0,,
2020-03-22,23:00:00,"Via Cassia, Chiusarelle, Acquapendente, Viterbo, Lazio, 01021, Italia",42.7477229,11.8630202,57,54.0,1022.0,18.0,57.0,0.5,6.1,12.0,30.0,0.1,1.9,29.7,,
2020-03-23,16:00:00,"Via Appia, San Vitaliano, Napoli, Campania, 80023, Italia",40.92431,14.48133,36,51.3,1020.3,32.0,58.0,3.2,5.9,10.0,21.7,,3.0,36.3,,
2020-03-21,23:00:00,"Villa Zorn, 113, Via Cesare da Sesto, Rondò, Torretta, Sesto San Giovanni, Milano, Lombardia, 20099, Italia",45.53476819,9.23610903,70,48.0,1027.0,,70.0,,5.5,,,0.1,23.8,,,
2020-03-21,23:00:00,"9, Via Malvista, Ponte dei Rossi, Mirandola, Unione Comuni Modenesi Area Nord, Modena, Emilia-Romagna, Italia",44.928769,11.178946,102,62.5,1019.6,37.0,102.0,,10.8,16.8,22.6,0.1,9.6,39.8,,
2020-03-22,23:00:00,"Casanova Madonna della Strada, Leonessa, Rieti, Lazio, Italia",42.5660721,12.962445,61,45.0,1015.0,18.0,61.0,0.4,-5.0,5.6,13.8,0.1,1.4,38.6,-15.0,
2020-03-21,23:00:00,"Via delle Caselle, Albarola, Sant'Andrea, Lodi, Lombardia, 26900, Italia",45.30278678,9.49528589,87,49.3,1026.6,35.0,87.0,,6.6,1.5,12.6,,22.9,42.3,,
2020-03-22,23:00:00,"Via Danimarca, Colle Laghetto, Guidonia Montecelio, Roma Capitale, Lazio, 00012, Italia",41.9644063,12.6684397,76,33.0,1016.6,30.0,76.0,0.4,10.5,12.0,23.0,,6.4,24.8,,
2020-03-21,23:00:00,"188c, Via Remesina Interna, Il Borgo, Cibeno Pile, Carpi, Unione delle Terre d'Argine, Modena, Emilia-Romagna, 41012, Italia",44.800377,10.884255,37,65.5,1020.4,28.0,112.0,,11.6,5.0,12.5,,12.8,37.0,,
2020-03-22,23:00:00,"30, Via Orlando Zanchini, Cotogni, Forlì, Unione di Comuni della Romagna Forlivese, Forlì-Cesena, Emilia-Romagna, 47100, Italia",44.215153,12.04816,53,38.0,1027.2,17.0,53.0,,5.5,6.5,10.5,0.1,3.7,29.3,,
2020-03-21,23:00:00,"7, Piazzale Antonio Rosmini, Città Nuova-Barriera Nuova-San Vito-Città Vecchia, Trieste / Trst, UTI Giuliana / Julijska MTU, Friuli Venezia Giulia, 34143, Italia",45.640486,13.766081,72,27.0,1027.6,26.0,72.0,0.7,8.2,2.5,,,,,-9.7,99.6
2020-03-21,23:00:00,"Via Curtatone e Montanara, Barco, Ferrara, Emilia-Romagna, 44121, Italia",44.85998,11.61,93,51.6,1019.0,30.0,93.0,,11.4,2.0,,0.1,8.3,41.1,,
2020-03-22,23:00:00,"SP72, Malcantone, Torrile, Emilia-Romagna, 43056, Italia",44.890934,10.399611,53,87.0,1008.7,18.0,53.0,5.1,7.7,,0.1,,3.7,32.1,,
2020-03-22,23:00:00,"051 Zerocinquantuno, 236, Via Emilia, Cicogna, San Lazzaro di Savena, Bologna, Emilia-Romagna, 40068, Italia",44.467189,11.416601,42,46.5,1026.0,25.0,42.0,,3.8,5.5,10.5,0.1,4.2,21.6,,
2020-03-22,23:00:00,"Piazza Marconi, Regina Pacis, Rieti, Lazio, Italia",42.404509,12.8567281,61,45.0,1015.0,20.0,61.0,0.4,-5.0,5.6,13.8,0.1,0.5,30.1,-15.0,
2020-03-21,23:00:00,"Scuola Primaria ""Aldo Mei"", Via Pietro Mascagni, Beinasco, Torino, Piemonte, 10092, Italia",45.0305638,7.595251,76,48.2,1026.1,,76.0,,6.8,7.8,13.1,,,,,
2020-03-21,23:00:00,"44, Via Predil, Rivabella, Covignano, Rimini, Emilia-Romagna, 47921, Italia",44.064308167,12.552490234,80,66.0,1018.0,30.0,80.0,,12.0,5.1,,,14.2,36.6,6.0,
2020-03-22,23:00:00,"Scuola di equitazione, Viale Alexander Dubcek, Quartiere II Parioli, Roma, Roma Capitale, Lazio, 00199, Italia",41.9328321,12.5012473,82,31.5,1015.0,31.0,82.0,0.3,12.5,10.0,21.1,0.1,8.3,23.2,,
2020-03-22,23:00:00,"Badia di Santa Maria della Neve, Strada della Badia, Vigatto, Langhirano, Emilia-Romagna, 43037, Italia",44.658226,10.289367,53,87.0,1008.7,20.0,53.0,,7.7,,0.1,,6.9,28.5,,
2020-03-21,23:00:00,"Modena-Bastiglia, Albareto, Crocetta-San Lazzaro-Modena Est, Modena, Emilia-Romagna, 41122, Italia",44.670378,10.9623,82,85.2,1014.6,31.0,82.0,,9.0,5.2,9.0,,11.0,33.3,,
2020-03-22,23:00:00,"Prato Novello, Alto Reno Terme, Unione dell'Alto Reno, Bologna, Emilia-Romagna, 40042, Italia",44.14044,10.917166,34,33.5,1019.0,21.0,34.0,,2.3,4.8,14.9,,3.7,17.5,,
2020-03-23,17:00:00,"Ottati, Salerno, Campania, 84020, Italia",40.470596,15.298722999999995,7,1.0,1015.8,25.0,70.0,0.1,0.5,,,7.3,2.1,,,
2020-03-22,23:00:00,"47, Via Cicognaia, Savignano di Rigo, Sogliano al Rubicone, Unione Rubicone e mare, Forlì-Cesena, Emilia-Romagna, 47863, Italia",43.927406,12.224794,42,50.5,1027.7,10.0,85.0,,1.6,5.5,18.0,,4.2,41.5,,
2020-03-21,23:00:00,"Via Caduti del Lavoro, Calusco d'Adda, Bergamo, Lombardia, 24039, Italia",45.69043647,9.48426111,59,57.0,1029.6,21.0,59.0,1.1,3.3,0.5,0.5,0.1,6.9,42.3,,
2020-03-22,23:00:00,"Via di Paganico, Tassignano, Capannori, Lucca, Toscana, 55012, Italia",43.838363142651,10.573105456095,82,24.0,1024.4,29.0,82.0,1.4,9.7,15.4,18.4,,9.6,,,
2020-03-23,17:00:00,"Via Piave, Ponticelli, Contrada Bagnoli, Avellino, Campania, 83100, Italia",40.91882,14.78553,-,49.6,1019.9,37.0,88.0,,6.8,9.0,18.6,2.8,2.6,,,
2020-03-20,23:00:00,"Via degli Ospedalieri, Zaist, Cremona, Lombardia, 26100, Italia",45.14254358,10.04384767,107,34.2,1026.0,52.0,107.0,1.1,7.0,2.7,9.0,0.1,27.5,37.8,,
2020-03-22,23:00:00,"Porto di Trieste, Androna Sant'Eufemia, Città Nuova-Barriera Nuova-San Vito-Città Vecchia, Trieste / Trst, UTI Giuliana / Julijska MTU, Friuli Venezia Giulia, 34123, Italia",45.62420762,13.78026035,25,14.0,1027.0,8.0,25.0,1.1,8.3,12.0,16.0,,,,,
2020-03-22,23:00:00,"Cittadella playground, Via Passo Buole, Cittadella, Parma, Emilia-Romagna, 43121, Italia",44.792419,10.330985,55,87.0,1008.7,23.0,55.0,,7.7,,0.1,,4.2,26.9,,
2020-03-22,23:00:00,"Libera Università Internazionale degli Studi Sociali (LUISS) Guido Carli, Via Panama, Municipio Roma II, Roma, Roma Capitale, Lazio, 00197, Italia",41.9248746,12.4934413,82,31.5,1015.0,33.0,82.0,0.3,12.5,10.0,21.1,0.1,4.6,23.2,,
2020-03-22,23:00:00,"Liceo Classico J. Stellini, Via Benedetto Cairoli, Borgo Pracchiuso, Casali Osellin, Udine, UTI del Friuli Centrale, Friuli Venezia Giulia, 33100, Italia",46.06611716,13.2406876,17,24.0,1027.8,8.0,17.0,1.3,6.7,4.6,9.6,,,,,
2020-03-21,23:00:00,"11, Via Alberto Artioli, Villaggio Zeta, San Faustino-Madonnina-Quattroville, Modena, Emilia-Romagna, 41124, Italia",44.636985,10.905724,27,85.2,1014.6,27.0,93.0,,9.0,5.2,9.0,,17.0,33.3,,
2020-03-22,23:00:00,"Mariottini, Via Ristoro d'Arezzo, Arezzo, Colle di Santa Maria, Arezzo, Toscana, 52100, Italia",43.458591187681,11.888247347751,55,37.1,,17.0,55.0,,4.2,5.6,17.2,,5.5,,,
2020-03-21,23:00:00,"Via Verra, Madonna delle Grazie, Bettole, Trecate, Novara, Piemonte, 28069, Italia",45.4371054,8.7452213,80,56.7,1026.6,,80.0,,5.9,6.2,13.5,,,,,
2020-03-21,23:00:00,"12, Via Luigi Cavalchi, Ponte Nuovo, Ravenna, Emilia-Romagna, 48121, Italia",44.427783966,12.186494827,33,75.0,1019.5,33.0,102.0,5.1,11.2,11.5,15.8,0.1,12.4,40.7,,
2020-03-22,23:00:00,"Via di Villa Guglielmi, Isola Sacra, Fiumicino, Roma Capitale, Lazio, 00121, Italia",41.7702662,12.2366768,85,28.5,1018.5,30.0,85.0,0.6,12.5,8.7,,0.1,8.3,27.7,-5.0,
2020-03-23,17:00:00,"CAM Casoria Contemporary Art Museum, 63, Via Duca d'Aosta, Arpino, Casoria, Napoli, Campania, 80031, Italia",40.91463,14.29866,28,45.0,1019.0,35.0,86.0,,7.0,6.6,10.8,,2.4,27.8,-4.0,
2020-03-21,23:00:00,"66/A, Via Edoardo Rubino, Centro Europa, Mirafiori Nord, Torino, Piemonte, 10137, Italia",45.0402149,7.6227648,76,61.2,1022.7,,76.0,,6.9,4.7,15.2,,,,,
2020-03-21,23:00:00,"27, Via Molino Bianco, Verucchio, Unione di comuni Valmarecchia, Rimini, Emilia-Romagna, 47827, Italia",44.013877,12.420964,99,85.5,1017.6,20.0,99.0,,8.1,2.0,7.7,,6.0,40.7,,
2020-03-21,23:00:00,"Varco ZTL, Via Andrea Verga, Geromina, Treviglio, Bergamo, Lombardia, 24047, Italia",45.51933533,9.59201917,65,46.0,1028.5,30.0,65.0,0.6,5.0,2.0,,0.1,16.5,,-5.5,
2020-03-21,23:00:00,"11, Via Madonnina, San Rocco, Guastalla, Bassa Reggiana, Reggio nell'Emilia, Emilia-Romagna, 42016, Italia",44.873727,10.664777,87,65.5,1020.4,33.0,87.0,,11.6,5.0,12.5,0.1,6.0,39.4,,
2020-03-22,23:00:00,"Via Vittor Pisani, Fontanini, Viareggio, Unione dei comuni della Versilia, Lucca, Toscana, 55043, Italia",43.881437296938,10.244316772468,76,22.5,1022.7,26.0,76.0,,12.1,9.3,12.5,,8.3,,,
2020-03-22,23:00:00,"Via Amerigo Vespucci, Montale, Pistoia, Toscana, 51031, Italia",43.913660405481,11.006226278906,57,24.6,1024.2,17.0,57.0,,8.1,8.4,16.0,0.1,4.2,,,
2020-03-21,23:00:00,"Piscina Comunale, Viale 9 febbraio 1849, San Giovanni, San Martino Monte L'Abate, Rimini, Emilia-Romagna, 47900, Italia",44.052101135,12.575679779,35,66.0,1018.0,35.0,91.0,,12.0,5.1,,0.1,12.8,35.4,6.0,
2020-03-22,23:00:00,"Via Paradigna, San Martino, Parma, Emilia-Romagna, 43122, Italia",44.841275,10.344572,50,87.0,1008.7,12.0,50.0,5.1,7.7,,0.1,,3.7,26.9,,
2020-03-22,23:00:00,"Bezze, Torrile, Emilia-Romagna, 43056, Italia",44.921606,10.326173,53,87.0,1008.7,17.0,53.0,5.1,7.7,,0.1,,3.7,26.4,,
2020-03-21,23:00:00,"Str. da Sora a Fontechiari, Fontechiari, Frosinone, Lazio, 03033, Italia",41.668821,13.6755001,1,31.0,1021.4,20.0,61.0,0.7,21.1,8.0,12.0,0.1,6.0,19.1,,
2020-03-21,23:00:00,"stazione meteo, Via San Martino e Solferino, Cascina Basioli, Ponti sul Mincio, Mantova, Lombardia, 37019, Italia",45.41277633,10.68336214,127,40.7,1021.1,51.0,127.0,,7.5,1.0,,,12.4,43.1,-5.0,
2020-03-22,23:00:00,"8, Viale Antonio Gramsci, Grandi Italiani, Forlì, Unione di Comuni della Romagna Forlivese, Forlì-Cesena, Emilia-Romagna, 47100, Italia",44.215974,12.057502,20,38.0,1027.2,20.0,80.0,,5.5,6.5,10.5,0.1,11.0,40.3,,
2020-03-23,16:00:00,"Via Italo Calvino, Acerra, Napoli, Campania, 80011, Italia",40.97971,14.401,2,43.6,1012.1,38.0,107.0,2.1,7.4,4.6,,1.9,1.3,,-4.2,
2020-03-21,23:00:00,"Via Nicolò Macchiavelli, Molinetto, San Giuseppe, Monza, Monza e della Brianza, Lombardia, 20900, Italia",45.574117,9.263808,70,53.0,1027.1,26.0,70.0,2.1,5.0,3.0,8.0,0.1,23.4,50.0,,
2020-03-21,23:00:00,"Scuola Media Leon Battista Alberti, Via Fratelli Cairoli, Fiera-Catena, Mantova, Lombardia, 46 100, Italia",45.16057658,10.79557331,104,32.0,1028.3,46.0,104.0,,8.9,7.9,14.2,0.1,12.8,43.1,,
2020-03-21,23:00:00,"Esselunga, Santo Stefano esterna, Reggio nell'Emilia, Emilia-Romagna, Italia",44.69955,10.622759,78,65.5,1020.4,25.0,78.0,,11.6,5.0,12.5,0.1,19.2,38.6,,
2020-03-21,23:00:00,"11/H, Via Statale, Cernusco Lombardone, Lecco, Lombardia, 23870, Italia",45.69795956,9.40619194,65,56.0,1028.5,26.0,65.0,,4.5,2.2,,0.1,11.5,46.8,,
2020-03-22,23:00:00,"7, Viale Mario Angeloni, Quartiere Centro Urbano, Cesena, Unione dei comuni Valle del Savio, Forlì-Cesena, Emilia-Romagna, 47521, Italia",44.141382,12.244744,20,42.0,1027.4,20.0,99.0,,6.9,0.5,11.0,0.1,6.9,38.6,,
2020-03-23,16:00:00,"Via G. Clarizia, Stella, Santa Lucia, Battipaglia, Salerno, Campania, 84091, Italia",40.61107,14.97584,34,1.0,1016.4,20.0,56.0,3.0,0.5,,,,2.9,33.8,,
2020-03-21,23:00:00,"Convento francescano, Via Montemaggio, Ca' Torsano, San Leo, Unione di comuni Valmarecchia, Rimini, Emilia-Romagna, 47865, Italia",43.907219,12.401233,99,38.5,1026.3,28.0,99.0,,3.3,2.5,9.2,,4.6,39.8,,
2020-03-23,16:00:00,"Via Ottavio Caiazzo, Municipalità 5, Napoli, Campania, 80129, Italia",40.84936,14.23111,-,54.6,1018.8,31.0,,,6.6,6.8,,,5.4,,,
2020-03-22,23:00:00,"Palestra Comunale, Via Isonzo, Monfalcone, UTI Carso Isonzo Adriatico / MTU Kras Soča Jadran, Friuli Venezia Giulia, 34074, Italia",45.805178,13.522052,25,20.0,1027.5,6.0,25.0,0.5,9.0,7.2,12.3,,,,-12.5,
2020-03-21,23:00:00,"4, Largo Garibaldini sassolesi, Rometta, Sassuolo, Unione dei comuni del Distretto Ceramico, Modena, Emilia-Romagna, 41049, Italia",44.540382385,10.792358398,61,85.2,1014.6,25.0,61.0,,9.0,5.2,9.0,,14.7,38.6,,
2020-03-22,23:00:00,"Via Latina, Colleferro Scalo, Colleferro, Roma Capitale, Lazio, 00034, Italia",41.7272528,13.0037837,107,31.0,1015.3,41.0,107.0,0.2,13.8,7.0,18.0,0.1,6.4,26.0,,
2020-03-21,23:00:00,"Padiglione Besta, Via Giovanni Amendola, San Lazzaro, Reggio nell'Emilia, Emilia-Romagna, 42122, Italia",44.689042,10.663591,78,85.2,1014.6,30.0,78.0,,9.0,5.2,9.0,0.1,8.7,38.6,,
2020-03-22,23:00:00,"Via Limosano, Zona VI Settecamini, Roma, Roma Capitale, Lazio, 00115, Italia",41.9363397,12.6544146,89,33.0,1014.6,31.0,89.0,0.4,11.6,,,,7.8,24.8,,
2020-03-21,23:00:00,"Autostrada dei Vini, Capitolo, Piacenza, Emilia-Romagna, 29122, Italia",45.054420471,9.726859093,72,83.0,1013.1,24.0,72.0,,9.4,,,0.1,14.2,40.3,,
2020-03-21,23:00:00,"Piazza Luigi Cadorna, Corso Vittorio Emanuele II, La Cascinetta, Cremona, Lombardia, 26100, Italia",45.13195042,10.01574064,85,34.2,1026.0,30.0,85.0,1.6,7.0,2.7,9.0,0.1,14.7,,,
2020-03-22,23:00:00,"1, Via Eraclea, Fossalon di Grado, Grado, UTI Carso Isonzo Adriatico / MTU Kras Soča Jadran, Friuli Venezia Giulia, 34073, Italia",45.731622,13.486356,25,18.0,1027.0,9.0,25.0,1.2,9.0,5.6,12.3,,,,-14.0,
2020-03-21,23:00:00,"10, Via Quinto Rossi, Mizzana, Ferrara, Emilia-Romagna, 44044, Italia",44.849548,11.562287,82,17.0,1025.8,30.0,82.0,,8.7,2.0,,0.1,10.6,41.1,,
2020-03-23,16:00:00,"Area sosta Sannio camper club, 59, Via Domenico Mustilli, Trescene, Ponticelli, Benevento, Campania, 82100, Italia",41.13146,14.78938,25,51.0,1020.3,12.0,25.0,,6.1,9.5,21.5,,2.3,,,
2020-03-22,23:00:00,"Vittorio Emanuele II, Viale Massimo Meliconi, Santo Stefano, Bologna, Emilia-Romagna, 40125, Italia",44.483628,11.355035,42,42.5,1029.8,20.0,42.0,,4.4,7.5,16.0,0.1,7.8,21.6,,
2020-03-22,23:00:00,"Belcantone, Borgo Panigale-Reno, Bologna, Emilia-Romagna, Italia",44.500093,11.286065,50,39.5,1028.5,17.0,50.0,,5.0,7.2,,0.1,4.6,24.4,-7.5,
2020-03-22,23:00:00,"Chiesa Cristiana Evangelica, Via del Pioppeto, Latina, Lazio, 04013, Italia",41.5338395,12.9467669,65,34.9,1014.1,22.0,65.0,0.2,16.6,0.3,3.9,0.1,4.6,30.0,,
2020-03-23,17:00:00,"Via Giovanni Calzolaio, Acerra, Napoli, Campania, 80011, Italia",40.94108,14.36981,-,45.0,1019.0,31.0,63.0,,7.0,6.1,10.8,6.4,2.8,,-4.0,
2020-03-21,23:00:00,"Via Monsignore P. Anglese, Buscarella, Sannazzaro de' Burgondi, Pavia, Lombardia, 27039, Italia",45.10277464,8.90418742,74,3.0,,24.0,74.0,22.3,10.7,10.7,13.2,,13.8,,,
2020-03-21,23:00:00,"Via della Precacesa, San Fereolo, Lodi, Lombardia, 26900, Italia",45.30601628,9.48527511,61,49.3,1026.6,31.0,61.0,2.1,6.6,1.5,12.6,0.1,17.4,,,
2020-03-21,23:00:00,"Salita della Memoria, Brescia Antica, Zona Centro, Brescia, Lombardia, 25121, Italia",45.54006456,10.22281989,91,35.0,1012.5,34.0,91.0,,6.6,5.0,6.0,0.1,13.3,,,
2020-03-22,23:00:00,"Piazza Giuseppe Verdi, Via Guglielmo Marconi, Centro Giovanni XXIII, Viterbo, Lazio, 01100, Italia",42.4206766,12.107669,53,38.0,1019.0,16.0,53.0,0.5,6.6,6.0,10.0,0.1,1.9,30.9,,
2020-03-22,23:00:00,"6, Via Grazia Deledda, Bogolese, Sorbolo Mezzani, Emilia-Romagna, 43058, Italia",44.829145,10.391537,53,87.0,1008.7,16.0,53.0,5.1,7.7,,0.1,,3.7,26.9,,
2020-03-22,23:00:00,"Piazza Cesare Beccaria, San Niccolò, Quartiere 1, Firenze, Toscana, 50121, Italia",43.770585907976,11.271415330415,55,29.6,1019.7,17.0,55.0,0.8,8.8,,,0.1,14.7,,-8.0,
2020-03-23,17:00:00,"Chiesa Sacra Famiglia, Via Nicola Buonservizi, Fratte, Brignano Inferiore, Salerno, Campania, 84135, Italia",40.69536,14.77751,31,1.0,1016.4,,69.0,,0.5,,,,2.4,30.8,,
2020-03-22,23:00:00,"4, Via Giorgio Compiani, Cittadella, Parma, Emilia-Romagna, 43121, Italia",44.786636353,10.33647728,16,87.0,1008.7,16.0,72.0,,7.7,,0.1,,5.1,34.2,,
2020-03-22,23:00:00,"88, Via XXIV Maggio, I Passi, Porta a Lucca, Pisa, Toscana, 56123, Italia",43.73635268547,10.400971437911,63,22.5,1022.7,21.0,63.0,,12.1,9.3,12.5,0.1,7.8,,,
2020-03-21,23:00:00,"Nizzarolo, Piacenza, Emilia-Romagna, 29122, Italia",45.055889,9.747946,70,83.0,1013.1,25.0,70.0,,9.4,,,0.1,19.7,36.2,,
2020-03-21,23:00:00,"Osservatorio Astronomico “Pierino Zambonini”, Via Rescadore, Rescadore, Villa Minozzo, Appennino Reggiano, Reggio nell'Emilia, Emilia-Romagna, 42030, Italia",44.300708,10.431042,70,59.4,1026.3,18.0,70.0,,16.4,4.8,7.1,,3.7,35.8,,
2020-03-23,17:00:00,"Chiesa di Sant'Antonio da Padova, Corso Pietro Giannone, Caserta, Aldifreda, Caserta, Campania, 81100, Italia",41.07795,14.33122,-,43.6,1012.1,29.0,56.0,,7.4,4.6,,1.9,1.8,,-4.2,
2020-03-22,23:00:00,"3/3A, Viale Antonio Silvani, Saragozza-Porto, Bologna, Emilia-Romagna, 40122, Italia",44.500017,11.328501,50,39.5,1028.5,19.0,50.0,,5.0,7.2,,0.1,14.2,38.6,-7.5,
2020-03-22,23:00:00,"21, Viale della Repubblica, Fiumicino, Savignano sul Rubicone, Unione Rubicone e mare, Forlì-Cesena, Emilia-Romagna, 47039, Italia",44.096869,12.403328,34,43.0,1027.7,20.0,34.0,,5.5,8.7,17.5,0.1,7.4,31.7,,
2020-03-22,23:00:00,"Monumento ai tre Martiri Toscani, Viale Giuseppe Mazzini, Centro Storico, Frosinone, Lazio, 03100, Italia",41.63729,13.35094,95,44.1,1006.4,34.0,95.0,0.6,10.5,1.0,5.5,0.1,3.7,29.7,,
2020-03-23,17:00:00,"Europa, Bottiglieri, Salerno, Campania, Italia",40.66142,14.80449,34,1.0,1015.9,27.0,61.0,0.1,0.5,,,4.6,2.1,33.7,,
2020-03-22,23:00:00,"Via Valentino Cigliutti, Municipio Roma XII, Roma, Roma Capitale, Lazio, Italia",41.883706,12.3337009,91,31.5,1015.0,35.0,91.0,0.6,12.5,10.0,21.1,0.1,8.3,19.5,,
2020-03-21,23:00:00,"Soresina, Cremona, Lombardia, 26015, Italia",45.28398,9.86340258,95,41.0,1022.8,39.0,95.0,,6.1,12.0,23.0,,,,,
2020-03-21,23:00:00,"Tamoil, Via Barbi, Capo di Villa, Borgocarbonara, Mantova, Lombardia, 45037, Italia",45.04650286,11.18094889,95,33.0,1027.6,44.0,95.0,,8.8,10.0,20.0,,6.4,,,
2020-03-22,23:00:00,"PAM, 132, Via Emilio Boni, Soccorso, La Pietà, Prato, Toscana, 59100, Italia",43.872401192971,11.104666288874,55,25.0,1023.7,18.0,55.0,,8.8,6.0,19.0,0.1,11.5,,,
2020-03-23,17:00:00,"Via della Libertà, Maddaloni, Caserta, Campania, 81024, Italia",41.04592,14.37809,23,43.6,1012.1,24.0,69.0,,7.4,4.6,,,1.7,23.0,-4.2,
2020-03-23,17:00:00,"Municipalità 3, Napoli, Campania, 80137, Italia",40.86369,14.25451,20,45.0,1019.0,33.0,60.0,,7.0,6.6,10.8,1.0,1.6,19.7,-4.0,
2020-03-18,07:00:00,"Liceo Classico Domenico Cirillo, Via Vittorio Colonna, Aversa, Caserta, Campania, 81031, Italia",40.97548,14.2114,2,43.5,1023.8,35.0,84.0,,20.0,5.5,9.5,1.9,12.9,,,
2020-03-23,17:00:00,"Istituto Comprensivo ""Aldo Moro"" Plesso Cancello, Via XXI Giugno, San Felice a Cancello, Caserta, Campania, 81027, Italia",40.99052,14.42397,32,43.6,1012.1,26.0,74.0,0.4,7.4,4.6,,1.9,1.8,32.4,-4.2,
2020-03-21,23:00:00,"SP4 di Bardi, Tirolini, Lugagnano Val D'Arda, Piacenza, Emilia-Romagna, 20914, Italia",44.82389,9.830369,41,83.0,1013.1,16.0,76.0,,9.4,,,0.1,12.4,41.1,,
2020-03-22,23:00:00,"Via Iugoslavia, Sugherella, Grosseto, Toscana, 58100, Italia",42.77621678315,11.118456357027,53,27.0,1023.0,16.0,53.0,,10.0,10.8,16.4,,11.9,,-8.0,
2020-03-23,16:00:00,"Burger King, Corso Novara, Municipalità 4, Napoli, Campania, 80142, Italia",40.85361,14.27167,2,45.0,1019.0,16.0,46.0,0.3,7.0,6.6,10.8,1.9,5.6,,-4.0,
2020-03-21,23:00:00,"Tangenziale Sud, Besurica, Piacenza, Emilia-Romagna, 29100, Italia",45.038544,9.669349,72,83.0,1013.1,31.0,72.0,,9.4,,,0.1,6.9,40.3,,
2020-03-21,23:00:00,"Stradone Bentivoglio, Taglio Corelli, Alfonsine, Unione dei comuni della Bassa Romagna, Ravenna, Emilia-Romagna, 48011, Italia",44.527432,11.982355,72,40.3,1026.7,33.0,72.0,5.1,7.3,2.6,7.5,0.1,6.4,32.5,,
2020-03-21,23:00:00,"80, Via Diaz, Il Poggio, San Clemente, Rimini, Emilia-Romagna, 47832, Italia",43.93183,12.62728,89,66.0,1018.0,30.0,89.0,,12.0,5.1,,,5.1,40.3,6.0,
2020-03-21,23:00:00,"Via Bagno, Cascina Camerona, Cerano, Novara, Piemonte, 28065, Italia",45.4099034,8.7875429,91,55.0,1025.0,,91.0,,6.1,8.4,19.0,,,,,
2020-03-21,23:00:00,"Centro Fusetti, 8, Piazza Santuario, Stella, Cascinazza, Saronno, Varese, Lombardia, 21047, Italia",45.626104,9.025004,68,44.0,1028.2,23.0,68.0,,5.0,7.0,10.6,,12.4,48.4,,
2020-03-22,23:00:00,"Pista Viale Roma, Bargana, Massa, Toscana, 54100, Italia",44.029626188391,10.133072297499,70,23.5,1033.9,23.0,70.0,,10.3,3.1,5.1,,11.5,,,
2020-03-22,23:00:00,"Via Ferrara, Soccorso, Le Badie, Prato, Toscana, 59100, Italia",43.87191227786,11.092564625561,59,25.0,1023.7,19.0,59.0,,8.8,6.0,19.0,0.1,9.2,,,
2020-03-22,23:00:00,"36, Via Alfredo Catalani, Stazione, Campo di Marte, Livorno, Toscana, 57124, Italia",43.552268087855,10.329007715785,55,23.0,1023.0,17.0,55.0,,11.0,9.7,15.4,0.1,10.6,,-9.0,
2020-03-21,23:00:00,"22, Via della Cittadella, Centro cittadino, Giardino, Ferrara, Emilia-Romagna, 44121, Italia",44.842488,11.613141,33,51.6,1019.0,33.0,102.0,,11.4,2.0,,0.1,12.8,39.4,,
2020-03-21,23:00:00,"Località Gherardi, Jolanda di Savoia, Ferrara, Emilia-Romagna, Italia",44.839749,11.961252,72,67.5,1016.0,29.0,72.0,,10.8,11.7,12.5,0.1,4.2,40.3,,
2020-03-21,23:00:00,"Via Senato, Guastalla, Porta Venezia, Milano, Lombardia, 20121, Italia",45.470501,9.19746075,78,48.0,1027.0,33.0,78.0,,5.5,,,0.1,26.6,,,
2020-03-21,23:00:00,"Lamarmora, Zona Sud, Brescia, Lombardia, Italia",45.515945,10.21914764,119,35.0,1012.5,44.0,119.0,1.6,6.6,5.0,6.0,,12.4,41.9,,
2020-03-21,23:00:00,"59, Via delle Mandriole, Villa Fulvia, Ferrara, Emilia-Romagna, 44100, Italia",44.824263,11.649618,70,62.5,1019.2,28.0,70.0,,11.8,3.5,11.7,0.1,6.9,39.8,,
2020-03-21,23:00:00,"245a, Via Tommaso Gulli, Borgo San Rocco, Ponte Nuovo, Ravenna, Emilia-Romagna, 48122, Italia",44.419261,12.225385,87,77.3,1019.8,32.0,87.0,5.1,10.9,14.3,18.3,0.1,11.0,40.3,,
2020-03-23,16:00:00,"SS162dir, Municipalità 6, Napoli, Campania, 80147, Italia",40.86427,14.34108,50,45.0,1019.0,22.0,50.0,1.5,7.0,6.6,10.8,4.6,7.4,,-4.0,
2020-03-21,23:00:00,"Via Giuseppe Verdi, Dalmine, Bergamo, Lombardia, 24044, Italia",45.64971,9.60123469,85,46.0,1028.5,26.0,85.0,,5.0,2.0,,0.1,9.6,,-5.5,
2020-03-21,23:00:00,"45, Via Ardengo Folperti, Città Giardino, Pavia, Lombardia, 27100, Italia",45.19468231,9.16464919,80,40.6,1030.1,25.0,80.0,2.1,6.5,5.3,16.3,,19.7,44.3,,
2020-03-21,23:00:00,"17, Strada del Mezzano, I Corni, Ostellato, Unione dei comuni Valli e Delizie, Ferrara, Emilia-Romagna, 44020, Italia",44.740896,11.941937,63,62.5,1019.2,29.0,63.0,,11.8,3.5,11.7,0.1,6.4,41.9,,
2020-03-21,23:00:00,"Viale Staffarda, Cascina Flesie, Revello, Cuneo, Piemonte, Italia",44.7202123,7.4383072,70,71.8,1021.4,,70.0,,7.3,2.1,3.5,,,,,
2020-03-22,23:00:00,"Facoltà di Economia, Via Cosimo Ridolfi, La Cella, Pisa, Toscana, 56127, Italia",43.71153749249,10.409876134347,65,22.5,1022.7,20.0,65.0,,12.1,9.3,12.5,0.1,9.2,,,
2020-03-22,23:00:00,"1A, Via Coraglia, Campanella, Imola, Nuovo Circondario Imolese, Bologna, Emilia-Romagna, 40026, Italia",44.355422,11.720672,21,43.0,1025.5,21.0,76.0,,0.5,12.0,,,7.8,38.6,,
